<?xml version="1.0"?>
<Runs Version="1" Minor="0">
	<Run Id="system_processing_system7_0_0_synth_1" LaunchDir="C:/CESE/vivado/cordic_system/cordic_system.runs/system_processing_system7_0_0_synth_1" FlowId="Vivado_Synthesis" FromStepId="vivado" ToStepId="vivado"/>
	<Run Id="system_cordic_iterativa_ip_0_0_synth_1" LaunchDir="C:/CESE/vivado/cordic_system/cordic_system.runs/system_cordic_iterativa_ip_0_0_synth_1" FlowId="Vivado_Synthesis" FromStepId="vivado" ToStepId="vivado"/>
	<Run Id="system_rst_ps7_0_100M_0_synth_1" LaunchDir="C:/CESE/vivado/cordic_system/cordic_system.runs/system_rst_ps7_0_100M_0_synth_1" FlowId="Vivado_Synthesis" FromStepId="vivado" ToStepId="vivado"/>
	<Run Id="system_vio_0_0_synth_1" LaunchDir="C:/CESE/vivado/cordic_system/cordic_system.runs/system_vio_0_0_synth_1" FlowId="Vivado_Synthesis" FromStepId="vivado" ToStepId="vivado"/>
	<Run Id="system_auto_pc_0_synth_1" LaunchDir="C:/CESE/vivado/cordic_system/cordic_system.runs/system_auto_pc_0_synth_1" FlowId="Vivado_Synthesis" FromStepId="vivado" ToStepId="vivado"/>
	<Run Id="synth_1" LaunchDir="C:/CESE/vivado/cordic_system/cordic_system.runs/synth_1" FlowId="Vivado_Synthesis" FromStepId="vivado" ToStepId="vivado">
		<Parent Id="system_processing_system7_0_0_synth_1"/>
		<Parent Id="system_cordic_iterativa_ip_0_0_synth_1"/>
		<Parent Id="system_rst_ps7_0_100M_0_synth_1"/>
		<Parent Id="system_vio_0_0_synth_1"/>
		<Parent Id="system_auto_pc_0_synth_1"/>
	</Run>
</Runs>

