<?xml version="1.0" encoding="UTF-8"?>
<!-- Product Version: Vivado v2018.1 (64-bit)                     -->
<!--                                                              -->
<!-- Copyright 1986-2018 Xilinx, Inc. All Rights Reserved.        -->

<hwsession version="1" minor="2">
  <device name="xc7z010_1_1" gui_info="dashboard1=hw_vios[xc7z010_1_1/hw_vio_1=VIO_PROBES_1;]"/>
  <ObjectList object_type="hw_device" gui_info="">
    <Object name="xc7z010_1" gui_info="">
      <Properties Property="FULL_PROBES.FILE" value="$_project_name_.runs/impl_1/system_wrapper.ltx"/>
      <Properties Property="PROBES.FILE" value="$_project_name_.runs/impl_1/system_wrapper.ltx"/>
      <Properties Property="PROGRAM.HW_BITSTREAM" value="$_project_name_.runs/impl_1/system_wrapper.bit"/>
      <Properties Property="SLR.COUNT" value="1"/>
    </Object>
    <Object name="xc7z010_1_1" gui_info="">
      <Properties Property="FULL_PROBES.FILE" value="$_project_name_.runs/impl_1/system_wrapper.ltx"/>
      <Properties Property="PROBES.FILE" value="$_project_name_.runs/impl_1/system_wrapper.ltx"/>
      <Properties Property="PROGRAM.HW_BITSTREAM" value="$_project_name_.runs/impl_1/system_wrapper.bit"/>
      <Properties Property="SLR.COUNT" value="1"/>
    </Object>
  </ObjectList>
  <ObjectList object_type="hw_probe" gui_info="">
    <Object name="system_i/cordic_iterativa_ip_0_xo[16:0]" gui_info="hw_vios/hw_vio_1=0"/>
    <Object name="system_i/cordic_iterativa_ip_0_yo[16:0]" gui_info="hw_vios/hw_vio_1=1"/>
    <Object name="system_i/cordic_iterativa_ip_0_zo[17:0]" gui_info="hw_vios/hw_vio_1=2"/>
  </ObjectList>
  <ObjectList object_type="hw_sysmon" gui_info="">
    <Object name="XADC" gui_info="dashboard_1=[TEMPERATURE=-65281;SCAN_RATE=1000;TRACK_TIME=1;]"/>
  </ObjectList>
  <ObjectList object_type="hw_vio" gui_info="">
    <Object name="hw_vio_1" gui_info="hw_vios/hw_vio_1/TablePreference=5	556	Name	0	2147483647	15	266	266	Value	1	2147483647	15	94	94	Activity	2	2147483647	15	57	57	Direction	3	2147483647	15	71	71	VIO	4	2147483647	15	68	68			1	6	1	Name	Value	Activity	Direction	VIO"/>
  </ObjectList>
  <probeset name="hw project" active="false">
    <probe type="vio_input" busType="bus" source="netlist" spec="VIO_INPUT_V2_RT">
      <probeOptions Id="DebugProbeParams">
        <Option Id="ACTIVITY_PERSISTENCE" value="SHORT"/>
        <Option Id="DISPLAY_HINT" value=""/>
        <Option Id="DISPLAY_VISIBILITY" value=""/>
        <Option Id="HW_VIO" value="hw_vio_1"/>
        <Option Id="INPUT_VALUE_RADIX" value="SIGNED"/>
        <Option Id="NAME.CUSTOM" value=""/>
        <Option Id="NAME.SELECT" value="Long"/>
        <Option Id="SOURCE" value="netlist"/>
      </probeOptions>
      <nets>
        <net name="system_i/cordic_iterativa_ip_0_xo[16]"/>
        <net name="system_i/cordic_iterativa_ip_0_xo[15]"/>
        <net name="system_i/cordic_iterativa_ip_0_xo[14]"/>
        <net name="system_i/cordic_iterativa_ip_0_xo[13]"/>
        <net name="system_i/cordic_iterativa_ip_0_xo[12]"/>
        <net name="system_i/cordic_iterativa_ip_0_xo[11]"/>
        <net name="system_i/cordic_iterativa_ip_0_xo[10]"/>
        <net name="system_i/cordic_iterativa_ip_0_xo[9]"/>
        <net name="system_i/cordic_iterativa_ip_0_xo[8]"/>
        <net name="system_i/cordic_iterativa_ip_0_xo[7]"/>
        <net name="system_i/cordic_iterativa_ip_0_xo[6]"/>
        <net name="system_i/cordic_iterativa_ip_0_xo[5]"/>
        <net name="system_i/cordic_iterativa_ip_0_xo[4]"/>
        <net name="system_i/cordic_iterativa_ip_0_xo[3]"/>
        <net name="system_i/cordic_iterativa_ip_0_xo[2]"/>
        <net name="system_i/cordic_iterativa_ip_0_xo[1]"/>
        <net name="system_i/cordic_iterativa_ip_0_xo[0]"/>
      </nets>
    </probe>
    <probe type="vio_input" busType="bus" source="netlist" spec="VIO_INPUT_V2_RT">
      <probeOptions Id="DebugProbeParams">
        <Option Id="ACTIVITY_PERSISTENCE" value="SHORT"/>
        <Option Id="DISPLAY_HINT" value=""/>
        <Option Id="DISPLAY_VISIBILITY" value=""/>
        <Option Id="HW_VIO" value="hw_vio_1"/>
        <Option Id="INPUT_VALUE_RADIX" value="SIGNED"/>
        <Option Id="NAME.CUSTOM" value=""/>
        <Option Id="NAME.SELECT" value="Long"/>
        <Option Id="SOURCE" value="netlist"/>
      </probeOptions>
      <nets>
        <net name="system_i/cordic_iterativa_ip_0_yo[16]"/>
        <net name="system_i/cordic_iterativa_ip_0_yo[15]"/>
        <net name="system_i/cordic_iterativa_ip_0_yo[14]"/>
        <net name="system_i/cordic_iterativa_ip_0_yo[13]"/>
        <net name="system_i/cordic_iterativa_ip_0_yo[12]"/>
        <net name="system_i/cordic_iterativa_ip_0_yo[11]"/>
        <net name="system_i/cordic_iterativa_ip_0_yo[10]"/>
        <net name="system_i/cordic_iterativa_ip_0_yo[9]"/>
        <net name="system_i/cordic_iterativa_ip_0_yo[8]"/>
        <net name="system_i/cordic_iterativa_ip_0_yo[7]"/>
        <net name="system_i/cordic_iterativa_ip_0_yo[6]"/>
        <net name="system_i/cordic_iterativa_ip_0_yo[5]"/>
        <net name="system_i/cordic_iterativa_ip_0_yo[4]"/>
        <net name="system_i/cordic_iterativa_ip_0_yo[3]"/>
        <net name="system_i/cordic_iterativa_ip_0_yo[2]"/>
        <net name="system_i/cordic_iterativa_ip_0_yo[1]"/>
        <net name="system_i/cordic_iterativa_ip_0_yo[0]"/>
      </nets>
    </probe>
    <probe type="vio_input" busType="bus" source="netlist" spec="VIO_INPUT_V2_RT">
      <probeOptions Id="DebugProbeParams">
        <Option Id="ACTIVITY_PERSISTENCE" value="SHORT"/>
        <Option Id="DISPLAY_HINT" value=""/>
        <Option Id="DISPLAY_VISIBILITY" value=""/>
        <Option Id="HW_VIO" value="hw_vio_1"/>
        <Option Id="INPUT_VALUE_RADIX" value="UNSIGNED"/>
        <Option Id="NAME.CUSTOM" value=""/>
        <Option Id="NAME.SELECT" value="Long"/>
        <Option Id="SOURCE" value="netlist"/>
      </probeOptions>
      <nets>
        <net name="system_i/cordic_iterativa_ip_0_zo[17]"/>
        <net name="system_i/cordic_iterativa_ip_0_zo[16]"/>
        <net name="system_i/cordic_iterativa_ip_0_zo[15]"/>
        <net name="system_i/cordic_iterativa_ip_0_zo[14]"/>
        <net name="system_i/cordic_iterativa_ip_0_zo[13]"/>
        <net name="system_i/cordic_iterativa_ip_0_zo[12]"/>
        <net name="system_i/cordic_iterativa_ip_0_zo[11]"/>
        <net name="system_i/cordic_iterativa_ip_0_zo[10]"/>
        <net name="system_i/cordic_iterativa_ip_0_zo[9]"/>
        <net name="system_i/cordic_iterativa_ip_0_zo[8]"/>
        <net name="system_i/cordic_iterativa_ip_0_zo[7]"/>
        <net name="system_i/cordic_iterativa_ip_0_zo[6]"/>
        <net name="system_i/cordic_iterativa_ip_0_zo[5]"/>
        <net name="system_i/cordic_iterativa_ip_0_zo[4]"/>
        <net name="system_i/cordic_iterativa_ip_0_zo[3]"/>
        <net name="system_i/cordic_iterativa_ip_0_zo[2]"/>
        <net name="system_i/cordic_iterativa_ip_0_zo[1]"/>
        <net name="system_i/cordic_iterativa_ip_0_zo[0]"/>
      </nets>
    </probe>
  </probeset>
</hwsession>
